SKU	EAN	UPC	TYPE	NAME	SHORTCODE	VARIANT GROUP ID	STATUS	PRICE	SALE PRICE	AVAILABLE	COMMITTED	BACKORDERED	ON HAND	TRACKING	BACKORDER LIMIT	DESCRIPTION	WEIGHT	UNIT OF WEIGHT	GTIN CODE	IMAGE URL	PRODUCT ID
			PHYSICAL	Your Company/School Logo on 12 Dri-Fit Polos			ACTIVE									Your Company/School Logo on 12 Dri-Fit Polos.  Just because it gets hot, no need to not look professional!  12 Sport Tek Polo's with your company logo.  Many colors available.  Mens and Ladies sizes sm-4xl.  No digitizing fees for this package. Please reach out to us if you are looking for other quantities or have any questions.					your-companyschool-logo-on-12-dri-fit-polos
YR-CMP-SCH-LG				Your Company/School Logo on 12 Dri-Fit Polos		your-companyschool-logo-on-12-dri-fit-polos	ACTIVE	225	205	3			3	TRUE		Your Company/School Logo on 12 Dri-Fit Polos.  Just because it gets hot, no need to not look professional!  12 Sport Tek Polo's with your company logo.  Many colors available.  Mens and Ladies sizes sm-4xl.  No digitizing fees for this package. Please reach out to us if you are looking for other quantities or have any questions.	0.1	lbs			your-companyschool-logo-on-12-dri-fit-polos
			PHYSICAL	I'm Your Mom Now T-Shirt			ACTIVE									Pride I'm Your Mom Now T-Shirt.  Design measures 8X10.  Multiple colors available.				https://img1.wsimg.com/isteam/ip/febef7b2-27f4-4652-8bc3-281559243b22/20220609_102644.jpg/:/rs=w:600,h:600	im-your-mom-now-t-shirt
I-M-YR-MOM				I'm Your Mom Now T-Shirt		im-your-mom-now-t-shirt	ACTIVE	25		6			6	TRUE		Pride I'm Your Mom Now T-Shirt.  Design measures 8X10.  Multiple colors available.	0.1	lbs		https://img1.wsimg.com/isteam/ip/febef7b2-27f4-4652-8bc3-281559243b22/20220609_102644.jpg/:/rs=w:600,h:600	im-your-mom-now-t-shirt
			PHYSICAL	Birth Announcement Hedgehog			ACTIVE									Birth Announcement Embroidery Buddy.  The above is the Hedgehog, many other animals available.				https://img1.wsimg.com/isteam/ip/febef7b2-27f4-4652-8bc3-281559243b22/ols/Headhog-BA.jpg/:/rs=w:600,h:600	birth-announcement-hedgehog
BRT-NNN-HDG				Birth Announcement Hedgehog		birth-announcement-hedgehog	ACTIVE	45		1			1	TRUE		Birth Announcement Embroidery Buddy.  The above is the Hedgehog, many other animals available.	0.1	lbs		https://img1.wsimg.com/isteam/ip/febef7b2-27f4-4652-8bc3-281559243b22/ols/Headhog-BA.jpg/:/rs=w:600,h:600	birth-announcement-hedgehog
			PHYSICAL	'HomeMade' Hand Towel			ACTIVE									If I stir it It's HomeMade Hand Towel.  100% Cotton.				https://img1.wsimg.com/isteam/ip/febef7b2-27f4-4652-8bc3-281559243b22/StirHomemadeTowelfold.jpg/:/rs=w:600,h:600	homemade-hand-towel
HMM-HND-TWL				'HomeMade' Hand Towel		homemade-hand-towel	ACTIVE	15		12			12	TRUE		If I stir it It's HomeMade Hand Towel.  100% Cotton.	0.1	lbs		https://img1.wsimg.com/isteam/ip/febef7b2-27f4-4652-8bc3-281559243b22/StirHomemadeTowelfold.jpg/:/rs=w:600,h:600	homemade-hand-towel
			PHYSICAL	Your Logo on a Baseball Cap			ACTIVE									Your company Logo on a Baseball Cap.  We can do both front and back.  Digitizing may be a one time extra fee.				https://img1.wsimg.com/isteam/ip/febef7b2-27f4-4652-8bc3-281559243b22/blob-0001.png/:/rs=w:600,h:600	your-logo-on-a-baseball-cap
YOU-LG-ON-A				Your Logo on a Baseball Cap		your-logo-on-a-baseball-cap	ACTIVE	25		1			1	TRUE		Your company Logo on a Baseball Cap.  We can do both front and back.  Digitizing may be a one time extra fee.	0.1	lbs		https://img1.wsimg.com/isteam/ip/febef7b2-27f4-4652-8bc3-281559243b22/blob-0001.png/:/rs=w:600,h:600	your-logo-on-a-baseball-cap
			PHYSICAL	Moon Phases with Pentacle Patch			ACTIVE									Pentacle with Moon Phases Circle Embroidered Patch. Measures 3 inches in Diameter.  Bulk Order and custom patches available.				https://img1.wsimg.com/isteam/ip/febef7b2-27f4-4652-8bc3-281559243b22/ols/20230219_131010.jpg/:/rs=w:600,h:600	moon-phases-with-pentacle-patch
PNT-WTH-LDR-FTH				Moon Phases with Pentacle Patch		moon-phases-with-pentacle-patch	ACTIVE	6		9			9	TRUE		Pentacle with Moon Phases Circle Embroidered Patch. Measures 3 inches in Diameter.  Bulk Order and custom patches available.	0.1	lbs		https://img1.wsimg.com/isteam/ip/febef7b2-27f4-4652-8bc3-281559243b22/ols/20230219_131010.jpg/:/rs=w:600,h:600	moon-phases-with-pentacle-patch
			PHYSICAL	Mothman-Live Laugh Lurk			ACTIVE									Mothman-Live Laugh Lurk.  Measure 3.8"x3.8" with Iron On Backing.				https://img1.wsimg.com/isteam/ip/febef7b2-27f4-4652-8bc3-281559243b22/Mothman%20red%201.jpg/:/rs=w:600,h:600	mothman-live-laugh-lurk
MTH-LV-LGH-LRK				Mothman-Live Laugh Lurk		mothman-live-laugh-lurk	ACTIVE	6		4			4	TRUE		Mothman-Live Laugh Lurk.  Measure 3.8"x3.8" with Iron On Backing.	0.1	lbs		https://img1.wsimg.com/isteam/ip/febef7b2-27f4-4652-8bc3-281559243b22/Mothman%20red%201.jpg/:/rs=w:600,h:600	mothman-live-laugh-lurk
			PHYSICAL	Anchor Tote Bag			ACTIVE									Anchor Tote Bag 14.5WX16H with a 27" strap.  100% Cotton bag lined with a Poly/Cotton Blend.				https://img1.wsimg.com/isteam/ip/febef7b2-27f4-4652-8bc3-281559243b22/bag%201.jpg/:/rs=w:600,h:600	anchor-tote-bag
NCH-TT-BAG				Anchor Tote Bag		anchor-tote-bag	ACTIVE	20						TRUE		Anchor Tote Bag 14.5WX16H with a 27" strap.  100% Cotton bag lined with a Poly/Cotton Blend.	1	lbs		https://img1.wsimg.com/isteam/ip/febef7b2-27f4-4652-8bc3-281559243b22/bag%201.jpg/:/rs=w:600,h:600	anchor-tote-bag
			PHYSICAL	Logo added to your Polo			ACTIVE									We will add your school logo to your Polo Shirt.  max 3 colors and 7000 stitches. a one time digitizing fee may apply.				https://img1.wsimg.com/isteam/ip/febef7b2-27f4-4652-8bc3-281559243b22/20230130_143151.jpg/:/rs=w:600,h:600	logo-added-to-your-polo
LG-DDD-TO-YR				Logo added to your Polo		logo-added-to-your-polo	ACTIVE	10		100			100	TRUE		We will add your school logo to your Polo Shirt.  max 3 colors and 7000 stitches. a one time digitizing fee may apply.	0.1	lbs		https://img1.wsimg.com/isteam/ip/febef7b2-27f4-4652-8bc3-281559243b22/20230130_143151.jpg/:/rs=w:600,h:600	logo-added-to-your-polo
			PHYSICAL	Your Company Logo on your Polo			DRAFT									Your Company Logo on your provided Polo.  A one time digitizing fee may apply.  Bulk orders and Provided Polos available upon request.				https://img1.wsimg.com/isteam/ip/febef7b2-27f4-4652-8bc3-281559243b22/FB_IMG_1668633487367.jpg/:/rs=w:600,h:600	your-company-logo-on-your-polo
YR-CMP-LG-ON				Your Company Logo on your Polo		your-company-logo-on-your-polo	DRAFT	10		3			3	FALSE		Your Company Logo on your provided Polo.  A one time digitizing fee may apply.  Bulk orders and Provided Polos available upon request.	1	lbs		https://img1.wsimg.com/isteam/ip/febef7b2-27f4-4652-8bc3-281559243b22/FB_IMG_1668633487367.jpg/:/rs=w:600,h:600	your-company-logo-on-your-polo
			PHYSICAL	American Flag Patches			ACTIVE									American Flag Embroidered Patches.  3.25x2.  With iron on backing. Bulk orders available.				https://img1.wsimg.com/isteam/ip/febef7b2-27f4-4652-8bc3-281559243b22/Flag-group.jpg/:/rs=w:600,h:600	american-flag-patches
MRC-FLG-PTC				American Flag Patches		american-flag-patches	ACTIVE	7	5	6			6	TRUE		American Flag Embroidered Patches.  3.25x2.  With iron on backing. Bulk orders available.	0.1	lbs		https://img1.wsimg.com/isteam/ip/febef7b2-27f4-4652-8bc3-281559243b22/Flag-group.jpg/:/rs=w:600,h:600	american-flag-patches
			PHYSICAL	Kitchen Witch			ACTIVE									Embroidered 100% Cotton Hand Towel.  'Kitchen Witch Magical things crafted in this Kitchen.'  On Red Hand Towel with white lettering.  Other colors available upon request.				https://img1.wsimg.com/isteam/ip/febef7b2-27f4-4652-8bc3-281559243b22/ols/Resized_20230115_163403.jpeg/:/rs=w:600,h:600	kitchen-witch
KTC-WTC				Kitchen Witch		kitchen-witch	ACTIVE	15		12			12	TRUE		Embroidered 100% Cotton Hand Towel.  'Kitchen Witch Magical things crafted in this Kitchen.'  On Red Hand Towel with white lettering.  Other colors available upon request.	0.1	lbs		https://img1.wsimg.com/isteam/ip/febef7b2-27f4-4652-8bc3-281559243b22/ols/Resized_20230115_163403.jpeg/:/rs=w:600,h:600	kitchen-witch
			PHYSICAL	Your Company/School Logo on 12 on Gildan T-Shirt			ACTIVE									Your Company/School Logo on 12 on Gildan T-shirts.  Assorted colors available.  Mens and Ladies sizes sm-4xl.  We will need a hi-res picture of you logo, sizes and colors.  Other options and quantities available. Please do not hesitate to reach out with any questions.					your-companyschool-logo-on-12-on-gildan-t-shirt
YR-CMP-SCH-LG1				Your Company/School Logo on 12 on Gildan T-Shirt		your-companyschool-logo-on-12-on-gildan-t-shirt	ACTIVE	150	130	3			3	TRUE		Your Company/School Logo on 12 on Gildan T-shirts.  Assorted colors available.  Mens and Ladies sizes sm-4xl.  We will need a hi-res picture of you logo, sizes and colors.  Other options and quantities available. Please do not hesitate to reach out with any questions.	0.1	lbs			your-companyschool-logo-on-12-on-gildan-t-shirt
			PHYSICAL	Anime Inspired Eyes			ACTIVE									Anime Inspired Kakashi Eyes.  Iron or sew on.  Dimensions are 3.75" x 1".  Bulk Available,				https://img1.wsimg.com/isteam/ip/febef7b2-27f4-4652-8bc3-281559243b22/Kakashi%20Eyes-f4f00cc.jpg/:/rs=w:600,h:600	anime-inspired-eyes
NM-NSP-YS				Anime Inspired Eyes		anime-inspired-eyes	ACTIVE	8		4			4	TRUE		Anime Inspired Kakashi Eyes.  Iron or sew on.  Dimensions are 3.75" x 1".  Bulk Available,	0.1	lbs		https://img1.wsimg.com/isteam/ip/febef7b2-27f4-4652-8bc3-281559243b22/Kakashi%20Eyes-f4f00cc.jpg/:/rs=w:600,h:600	anime-inspired-eyes
			PHYSICAL	Anime Inspired Cloud			ACTIVE									Anime Inspired Cloud from Naruto.  Dimensions are 2"x3".  Available in bulk.  Custom patches always available.				https://img1.wsimg.com/isteam/ip/febef7b2-27f4-4652-8bc3-281559243b22/Naruto%20Cloud%206.jpg/:/rs=w:600,h:600	anime-inspired-cloud
NM-NSP-CLD				Anime Inspired Cloud		anime-inspired-cloud	ACTIVE	6		5			5	TRUE		Anime Inspired Cloud from Naruto.  Dimensions are 2"x3".  Available in bulk.  Custom patches always available.	0.1	lbs		https://img1.wsimg.com/isteam/ip/febef7b2-27f4-4652-8bc3-281559243b22/Naruto%20Cloud%206.jpg/:/rs=w:600,h:600	anime-inspired-cloud
			PHYSICAL	Your Company/School Logo on 12 Port Authority Polo Shirts			ACTIVE									Get 12 Port Authority Polo Shirts with your Company/School Logo.  Shirts are a cotton/poly blend.  We would need a hi res copy of your logo, colors and sizes.  All colors available.  Sizes xs-4xl for both Men and Ladies Available. There is no digitization fee with the package. If you are looking for other quantities please do not hesitate to reach out to us.					company-school-logo
YR-CMP-LG-ON1				Your Company/School Logo on 12 Port Authority Polo Shirts		company-school-logo	ACTIVE	225	205	3			3	TRUE		Get 12 Port Authority Polo Shirts with your Company/School Logo.  Shirts are a cotton/poly blend.  We would need a hi res copy of your logo, colors and sizes.  All colors available.  Sizes xs-4xl for both Men and Ladies Available. There is no digitization fee with the package. If you are looking for other quantities please do not hesitate to reach out to us.	0.1	lbs			company-school-logo
			PHYSICAL	Dead Pool Patches			ACTIVE									Dead Pool logo Patches.  Because we can always use more of Mr. Pool!				https://img1.wsimg.com/isteam/ip/febef7b2-27f4-4652-8bc3-281559243b22/Deadpool%20Single.jpg/:/rs=w:600,h:600	dead-pool-patches
DDP-PTC				Dead Pool Patches		dead-pool-patches	ACTIVE	6		4			4	TRUE		Dead Pool logo Patches.  Because we can always use more of Mr. Pool!	0.1	lbs		https://img1.wsimg.com/isteam/ip/febef7b2-27f4-4652-8bc3-281559243b22/Deadpool%20Single.jpg/:/rs=w:600,h:600	dead-pool-patches
			PHYSICAL	Tree of Life Tote Bag			ACTIVE									Tree of Life Tote Bag 14.5WX16H with a 27" strap.  100% Cotton bag lined with a Poly/Cotton Blend.				https://img1.wsimg.com/isteam/ip/febef7b2-27f4-4652-8bc3-281559243b22/20230209_141334.jpg/:/rs=w:600,h:600	tree-of-life-tote-bag
TR-OF-LF-TT				Tree of Life Tote Bag		tree-of-life-tote-bag	ACTIVE	20		12			12	TRUE		Tree of Life Tote Bag 14.5WX16H with a 27" strap.  100% Cotton bag lined with a Poly/Cotton Blend.	0.75	lbs		https://img1.wsimg.com/isteam/ip/febef7b2-27f4-4652-8bc3-281559243b22/20230209_141334.jpg/:/rs=w:600,h:600	tree-of-life-tote-bag
			PHYSICAL	Embroider Buddies			ACTIVE									Embroider Buddies are the perfect way to announce a birth or send a special message.  Can be personalized for any occasion.  We are an Embroider Buddies Retailer and these are authentic.  Currently in Stock and ready to go: Pug Koala Bear Panda Bear Sloth Pink Bunny Penguin Pink Elephant Blue Elephant Purple Unicorn Giraffe Frog				https://img1.wsimg.com/isteam/ip/febef7b2-27f4-4652-8bc3-281559243b22/Group%20Picture.jpg/:/rs=w:600,h:600	embroider-buddies
MBR-BDD				Embroider Buddies		embroider-buddies	ACTIVE	45		7			7	TRUE		Embroider Buddies are the perfect way to announce a birth or send a special message.  Can be personalized for any occasion.  We are an Embroider Buddies Retailer and these are authentic.  Currently in Stock and ready to go: Pug Koala Bear Panda Bear Sloth Pink Bunny Penguin Pink Elephant Blue Elephant Purple Unicorn Giraffe Frog	0.1	lbs		https://img1.wsimg.com/isteam/ip/febef7b2-27f4-4652-8bc3-281559243b22/Group%20Picture.jpg/:/rs=w:600,h:600	embroider-buddies
			PHYSICAL	F*ck Cancer			ACTIVE									F*ck Cancer Patch.  Measures 3"x2".				https://img1.wsimg.com/isteam/ip/febef7b2-27f4-4652-8bc3-281559243b22/fuck%20cancer2.jpg/:/rs=w:600,h:600	fck-cancer
F-CK-CNC				F*ck Cancer		fck-cancer	ACTIVE	6		6			6	TRUE		F*ck Cancer Patch.  Measures 3"x2".	0.1	lbs		https://img1.wsimg.com/isteam/ip/febef7b2-27f4-4652-8bc3-281559243b22/fuck%20cancer2.jpg/:/rs=w:600,h:600	fck-cancer
			PHYSICAL	Animation Inspired Jolly Roger			ACTIVE									Animation Inspirated One Piece Jolly Roger Embroidered Patch.  Patch Measures 3"x2.5".  Available in Bulk as they are made in house.				https://img1.wsimg.com/isteam/ip/febef7b2-27f4-4652-8bc3-281559243b22/ols/20230219_163430.jpg/:/rs=w:600,h:600	animation-jolly-roger
NMT-NSP-LG				Animation Inspired Jolly Roger		animation-jolly-roger	ACTIVE	6		5			5	TRUE		Animation Inspirated One Piece Jolly Roger Embroidered Patch.  Patch Measures 3"x2.5".  Available in Bulk as they are made in house.	0.1	lbs		https://img1.wsimg.com/isteam/ip/febef7b2-27f4-4652-8bc3-281559243b22/ols/20230219_163430.jpg/:/rs=w:600,h:600	animation-jolly-roger
			PHYSICAL	Pride Flag Patch			ACTIVE									Pride Flag Embroidered Patch!  Patch measures 3"x2".  Made to order.  Bulk and custom patches available.				https://img1.wsimg.com/isteam/ip/febef7b2-27f4-4652-8bc3-281559243b22/ols/20230219_130702.jpg/:/rs=w:600,h:600	pride-flag-patch
PRD-FLG-PTC				Pride Flag Patch		pride-flag-patch	ACTIVE	6		6			6	TRUE		Pride Flag Embroidered Patch!  Patch measures 3"x2".  Made to order.  Bulk and custom patches available.	0.1	lbs		https://img1.wsimg.com/isteam/ip/febef7b2-27f4-4652-8bc3-281559243b22/ols/20230219_130702.jpg/:/rs=w:600,h:600	pride-flag-patch
